{"cameraMode":{"drawMode":0,"name":"Shaded","section":"Shading Mode"},"sceneLighting":true,"audioPlay":false,"sceneViewState":{"showFog":true,"showMaterialUpdate":true,"showSkybox":true,"showFlares":true,"showImageEffects":true,"showParticleSystems":true,"showVisualEffectGraphs":true,"m_FxEnabled":true},"in2DMode":false,"pivot":{"x":6.857847690582275,"y":4.040358543395996,"z":5.4251909255981449},"rotation":{"x":0.20975394546985627,"y":-0.15874747931957246,"z":0.034545883536338809,"w":0.9641641974449158},"size":4.399191379547119,"orthographic":false}