{"cameraMode":{"drawMode":0,"name":"Shaded","section":"Shading Mode"},"sceneLighting":true,"audioPlay":false,"sceneViewState":{"showFog":true,"showMaterialUpdate":true,"showSkybox":true,"showFlares":true,"showImageEffects":true,"showParticleSystems":true,"showVisualEffectGraphs":true,"m_FxEnabled":true},"in2DMode":false,"pivot":{"x":10.236860275268555,"y":4.006651401519775,"z":6.111289978027344},"rotation":{"x":-0.28773564100265505,"y":0.07573570311069489,"z":-0.022831885144114496,"w":-0.9544391632080078},"size":0.6656707525253296,"orthographic":false}